Ident	Api	free	title	author	digital	available	isbn	barcode	year	branch	home_branch	category	publisher	keyword	system	audience	location	order	database
Egling	winbiap	true	true	true	false	false	true	true	true	true	false	true	true	true	true	true	false	false	false
Kuenzell	winbiap	true	true	true	false	false	true	true	true	true	false	true	true	true	true	true	false	false	false
Heroldsberg	winbiap	true	true	true	false	false	true	true	true	true	false	true	true	true	true	true	false	false	false
Konz	winbiap	true	true	true	false	false	true	true	true	true	false	true	true	true	true	true	false	false	false
MaxhuetteHaidhof	winbiap	true	true	true	false	false	true	true	true	true	false	true	true	true	true	true	false	false	false
Dettelbach	winbiap	true	true	true	false	false	true	true	true	true	false	true	true	true	true	true	false	false	false
Stendal	bibliotheca	true	false	true	false	false	true	false	true	true	false	true	false	true	true	true	false	true	false
Hamburg	zones	false	false	false	false	false	false	false	false	false	false	false	false	false	false	false	false	false	false
Hallbergmoos	winbiap	true	true	true	false	false	true	true	true	true	false	true	true	true	true	true	false	false	false
Schongau	winbiap	true	true	true	false	false	true	true	true	true	false	true	true	true	true	true	false	false	false
Kirchseeon	winbiap	true	true	true	false	false	true	true	true	true	false	true	true	true	true	true	false	false	false
Balve	winbiap	true	true	true	false	false	true	true	true	true	false	true	true	true	true	true	false	false	false
Datteln	bibliotheca	false	false	false	false	false	false	false	false	false	false	false	false	false	false	false	false	false	false
Lohr_Main	winbiap	true	true	true	false	false	true	true	true	true	false	true	true	true	true	true	false	false	false
Waldkraiburg	winbiap	true	true	true	false	false	true	true	true	true	false	true	true	true	true	true	false	false	false
Niederwerrn	winbiap	true	true	true	false	false	true	true	true	true	false	true	true	true	true	true	false	false	false
StAugustin	bibliotheca	false	true	true	false	false	true	true	true	false	false	true	true	true	true	true	true	true	false
Witzenhausen	winbiap	true	true	true	false	false	true	true	true	true	false	true	true	true	true	true	false	false	false
Grossenseebach	winbiap	true	true	true	false	false	true	true	true	true	false	true	true	true	true	true	false	false	false
Pulheim	sisis	true	true	true	false	false	true	false	true	false	false	true	true	true	true	false	false	false	false
Rinteln	bibliotheca	true	true	true	false	false	true	false	true	false	false	true	false	true	true	true	false	true	false
Finsing	winbiap	true	true	true	false	false	true	true	true	true	false	true	true	true	true	true	false	false	false
Donauwoerth	winbiap	true	true	true	false	false	true	true	true	true	false	true	true	true	true	true	false	false	false
Marseille_Aix_Universite	sru	true	true	true	false	false	false	false	false	false	false	false	true	false	false	false	false	false	false
Nidda	winbiap	true	true	true	false	false	true	true	true	true	false	true	true	true	true	true	false	false	false
Dietfurt	winbiap	true	true	true	false	false	true	true	true	true	false	true	true	true	true	true	false	false	false
NeufahrnBeiFreising	winbiap	true	true	true	false	false	true	true	true	true	false	true	true	true	true	true	false	false	false
Bielefeld_HdK	bibliotheca	true	true	true	false	false	true	true	true	true	false	true	true	true	true	true	true	true	false
Mertingen	winbiap	true	true	true	false	false	true	true	true	true	false	true	true	true	true	true	false	false	false
OerErkenschwick	bibliotheca	false	false	false	false	false	false	false	false	false	false	false	false	false	false	false	false	false	false
Wolfratshausen	winbiap	true	true	true	false	false	true	true	true	true	false	true	true	true	true	true	false	false	false
Obernburg	winbiap	true	true	true	false	false	true	true	true	true	false	true	true	true	true	true	false	false	false
Velen	bibliotheca	true	true	true	false	false	true	false	true	false	false	true	false	false	true	true	false	true	false
RheineLudgerus	bibliotheca	true	false	false	false	false	false	false	false	false	false	false	false	false	false	false	false	true	false
Leichlingen	winbiap	true	true	true	false	false	true	true	true	true	false	true	true	true	true	true	false	false	false
Olching	winbiap	true	true	true	false	false	true	true	true	true	false	true	true	true	true	true	false	false	false
HoechstadtAisch	winbiap	true	true	true	false	false	true	true	true	true	false	true	true	true	true	true	false	false	false
Kevelaer	bibliotheca	true	false	false	false	false	false	false	false	false	false	false	false	false	false	false	false	true	false
Leipzig_Umweltbibliothek	bibliotheca	true	true	true	false	false	true	false	false	false	false	true	false	true	true	true	false	true	false
Bruckmuehl	winbiap	true	true	true	false	false	true	true	true	true	false	true	true	true	true	true	false	false	false
Karlstein	winbiap	true	true	true	false	false	true	true	true	true	false	true	true	true	true	true	false	false	false
Haltern	bibliotheca	false	false	false	false	false	false	false	false	false	false	false	false	false	false	false	false	false	false
Marktheidenfeld	winbiap	true	true	true	false	false	true	true	true	true	false	true	true	true	true	true	false	false	false
Bergrheinfeld	winbiap	true	true	true	false	false	true	true	true	true	false	true	true	true	true	true	false	false	false
Leutershausen	winbiap	true	true	true	false	false	true	true	true	true	false	true	true	true	true	true	false	false	false
Haar	winbiap	true	true	true	false	false	true	true	true	true	false	true	true	true	true	true	false	false	false
Senden_St_Urban	bibliotheca	true	false	false	false	false	false	false	false	false	false	false	false	false	false	false	false	true	false
Straubing	winbiap	true	true	true	false	false	true	true	true	true	false	true	true	true	true	true	false	false	false
BadSchwartau	iopac	true	false	false	false	false	false	false	false	false	false	true	false	false	false	false	false	false	false
Wiernsheim	winbiap	true	true	true	false	false	true	true	true	true	false	true	true	true	true	true	false	false	false
KorntalMuenchingen	bibliotheca	true	true	true	false	false	true	false	true	true	false	true	false	true	true	true	false	true	false
Jesteburg	winbiap	true	true	true	false	false	true	true	true	true	false	true	true	true	true	true	false	false	false
BadHersfeld	winbiap	true	true	true	false	false	true	true	true	true	false	true	true	true	true	true	false	false	false
Halberstadt	bibliotheca	true	true	true	false	false	true	false	true	false	false	true	false	true	true	true	false	true	false
Frankfurt_Oder	winbiap	true	true	true	false	false	true	true	true	true	false	true	true	true	true	true	false	false	false
Burtenbach	winbiap	true	true	true	false	false	true	true	true	true	false	true	true	true	true	true	false	false	false
Langenzenn	winbiap	true	true	true	false	false	true	true	true	true	false	true	true	true	true	true	false	false	false
Lemgo	winbiap	true	true	true	false	false	true	true	true	true	false	true	true	true	true	true	false	false	false
Gunzenhausen	winbiap	true	true	true	false	false	true	true	true	true	false	true	true	true	true	true	false	false	false
NeuburgDonau	winbiap	true	true	true	false	false	true	true	true	true	false	true	true	true	true	true	false	false	false
Roettingen	winbiap	true	true	true	false	false	true	true	true	true	false	true	true	true	true	true	false	false	false
Lich	winbiap	true	true	true	false	false	true	true	true	true	false	true	true	true	true	true	false	false	false
Dillenburg	winbiap	true	true	true	false	false	true	true	true	true	false	true	true	true	true	true	false	false	false
Roth	winbiap	true	true	true	false	false	true	true	true	true	false	true	true	true	true	true	false	false	false
Borken	winbiap	true	true	true	false	false	true	true	true	true	false	true	true	true	true	true	false	false	false
Hassfurt	winbiap	true	true	true	false	false	true	true	true	true	false	true	true	true	true	true	false	false	false
Knetzgau	winbiap	true	true	true	false	false	true	true	true	true	false	true	true	true	true	true	false	false	false
Weinstadt	bibliotheca	true	false	true	false	false	false	false	true	false	false	true	false	true	false	true	false	true	false
Velbert	bibliotheca	true	true	true	false	false	true	false	true	true	false	true	false	true	true	true	false	true	false
Leutenbach	bibliotheca	false	true	true	false	false	true	false	true	true	false	true	false	true	true	true	false	true	false
Lenggries	winbiap	true	true	true	false	false	true	true	true	true	false	true	true	true	true	true	false	false	false
Schwabmuenchen	winbiap	true	true	true	false	false	true	true	true	true	false	true	true	true	true	true	false	false	false
Schwandorf	bibliotheca	true	true	true	false	false	false	false	false	false	false	true	false	true	true	false	false	true	false
Graben	winbiap	true	true	true	false	false	true	true	true	true	false	true	true	true	true	true	false	false	false
Metelen	bibliotheca	true	false	false	false	false	false	false	false	false	false	false	false	false	false	false	false	true	false
Arnsberg	winbiap	true	true	true	false	false	true	true	true	true	false	true	true	true	true	true	false	false	false
Kassel	winbiap	true	true	true	false	false	true	true	true	true	false	true	true	true	true	true	false	false	false
Seligenstadt	winbiap	true	true	true	false	false	true	true	true	true	false	true	true	true	true	true	false	false	false
Kronberg	bibliotheca	true	true	true	false	false	true	false	true	false	false	true	false	true	true	true	false	true	false
Hirschberg	bibliotheca	true	true	true	false	false	true	false	true	true	false	true	true	true	true	true	false	true	false
Tuttlingen	bibliotheca	false	true	true	false	false	true	false	true	true	false	true	false	true	true	true	false	true	false
Amberg	winbiap	true	true	true	false	false	true	true	true	true	false	true	true	true	true	true	false	false	false
Roethlein	winbiap	true	true	true	false	false	true	true	true	true	false	true	true	true	true	true	false	false	false
Karlsdorf_Neuthard	bibliotheca	true	true	true	false	false	true	false	true	false	false	true	false	true	true	true	false	true	false
Hofgeismar	winbiap	true	true	true	false	false	true	true	true	true	false	true	true	true	true	true	false	false	false
Wiggensbach	winbiap	true	true	true	false	false	true	true	true	true	false	true	true	true	true	true	false	false	false
Werl	winbiap	true	true	true	false	false	true	true	true	true	false	true	true	true	true	true	false	false	false
Aschheim	winbiap	true	true	true	false	false	true	true	true	true	false	true	true	true	true	true	false	false	false
BadAibling	winbiap	true	true	true	false	false	true	true	true	true	false	true	true	true	true	true	false	false	false
Pohlheim	winbiap	true	true	true	false	false	true	true	true	true	false	true	true	true	true	true	false	false	false
Herford	winbiap	true	true	true	false	false	true	true	true	true	false	true	true	true	true	true	false	false	false
Lemfoerde	winbiap	true	true	true	false	false	true	true	true	true	false	true	true	true	true	true	false	false	false
Naumburg	winbiap	true	true	true	false	false	true	true	true	true	false	true	true	true	true	true	false	false	false
Ismaning	winbiap	true	true	true	false	false	true	true	true	true	false	true	true	true	true	true	false	false	false
Lappersdorf	winbiap	true	true	true	false	false	true	true	true	true	false	true	true	true	true	true	false	false	false
Dietzhoelztal	winbiap	true	true	true	false	false	true	true	true	true	false	true	true	true	true	true	false	false	false
Soemmerda	bibliotheca	false	false	false	false	false	false	false	false	false	false	false	false	false	false	false	false	false	false
Niederneuching	winbiap	true	true	true	false	false	true	true	true	true	false	true	true	true	true	true	false	false	false
Oberkaufungen	winbiap	true	true	true	false	false	true	true	true	true	false	true	true	true	true	true	false	false	false
Hoechberg	winbiap	true	true	true	false	false	true	true	true	true	false	true	true	true	true	true	false	false	false
Hersbruck	winbiap	true	true	true	false	false	true	true	true	true	false	true	true	true	true	true	false	false	false
Kalkar	bibliotheca	true	false	false	false	false	false	false	false	false	false	false	false	false	false	false	false	true	false
Nittendorf	winbiap	true	true	true	false	false	true	true	true	true	false	true	true	true	true	true	false	false	false
Prittriching	winbiap	true	true	true	false	false	true	true	true	true	false	true	true	true	true	true	false	false	false
Heddesheim	bibliotheca	true	true	true	false	false	true	false	true	false	false	true	true	true	true	true	false	true	false
Heiden	bibliotheca	true	false	false	false	false	false	false	false	false	false	false	false	false	false	false	false	true	false
BadOeynhausen	winbiap	true	true	true	false	false	true	true	true	true	false	true	true	true	true	true	false	false	false
Guenzburg	winbiap	true	true	true	false	false	true	true	true	true	false	true	true	true	true	true	false	false	false
Veitsbronn	winbiap	true	true	true	false	false	true	true	true	true	false	true	true	true	true	true	false	false	false
Koesching	winbiap	true	true	true	false	false	true	true	true	true	false	true	true	true	true	true	false	false	false
Eisleben	winbiap	true	true	true	false	false	true	true	true	true	false	true	true	true	true	true	false	false	false
Korbach	winbiap	true	true	true	false	false	true	true	true	true	false	true	true	true	true	true	false	false	false
Pentling	winbiap	true	true	true	false	false	true	true	true	true	false	true	true	true	true	true	false	false	false
Haan	bibliotheca	true	true	true	false	false	true	false	true	true	false	true	false	true	true	true	false	true	false
Milan_Biblioteca_Sormani	vufind	false	false	false	false	false	false	false	false	false	false	false	false	false	false	false	false	false	false
Oberursel	bibliotheca	true	true	true	false	false	true	false	true	false	false	true	false	true	true	false	false	true	false
Ostfildern	winbiap	true	true	true	false	false	true	true	true	true	false	true	true	true	true	true	false	false	false
Wachtendonk_St_Michael	bibliotheca	true	false	false	false	false	false	false	false	false	false	false	false	false	false	false	false	true	false
Lemgo_HS	sisis	false	false	false	false	false	false	false	false	false	false	false	false	false	false	false	false	false	false
Friedberg_Hessen	winbiap	true	true	true	false	false	true	true	true	true	false	true	true	true	true	true	false	false	false
Ennigerloh	bibliotheca	true	false	false	false	false	false	false	false	false	false	false	false	false	false	false	false	true	false
Mainburg	winbiap	true	true	true	false	false	true	true	true	true	false	true	true	true	true	true	false	false	false
Magdeburg	bibliotheca	false	true	true	false	false	true	false	true	true	false	true	false	true	true	true	false	true	false
Werne	bibliotheca	true	false	true	false	false	true	false	true	true	false	false	false	true	false	false	false	true	false
BadKissingen	winbiap	true	true	true	false	false	true	true	true	true	false	true	true	true	true	true	false	false	false
MarlStGeorg	bibliotheca	true	false	false	false	false	false	false	false	false	false	false	false	false	false	false	false	true	false
Cadolzburg	winbiap	true	true	true	false	false	true	true	true	true	false	true	true	true	true	true	false	false	false
Loerrach_DHBW	adis	false	false	false	false	false	false	false	false	false	false	false	false	false	false	false	false	false	false
Ochtrup	bibliotheca	true	false	false	false	false	false	false	false	false	false	false	false	false	false	false	false	true	false
Gerbrunn	winbiap	true	true	true	false	false	true	true	true	true	false	true	true	true	true	true	false	false	false
Menden	winbiap	true	true	true	false	false	true	true	true	true	false	true	true	true	true	true	false	false	false
HohenNeuendorf	winbiap	true	true	true	false	false	true	true	true	true	false	true	true	true	true	true	false	false	false
Altenberge	bibliotheca	true	false	false	false	false	false	false	false	false	false	false	false	false	false	false	false	true	false
Untermeitingen	winbiap	true	true	true	false	false	true	true	true	true	false	true	true	true	true	true	false	false	false
Ochsenfurt	winbiap	true	true	true	false	false	true	true	true	true	false	true	true	true	true	true	false	false	false
Utting	winbiap	true	true	true	false	false	true	true	true	true	false	true	true	true	true	true	false	false	false
Milan_Biblioteche_Publiche_Rionali	vufind	false	false	false	false	false	false	false	false	false	false	false	false	false	false	false	false	false	false
Muenster_UK	bibliotheca	true	false	false	false	false	false	false	false	false	false	false	false	false	false	false	false	true	false
Bochum_EFH	bibliotheca	true	true	true	false	false	true	false	true	false	false	true	false	true	true	false	false	true	false
Herzogenaurach	winbiap	true	true	true	false	false	true	true	true	true	false	true	true	true	true	true	false	false	false
Hemer	bibliotheca	true	true	true	false	false	true	false	true	false	false	true	false	false	true	true	false	true	false
Kist	winbiap	true	true	true	false	false	true	true	true	true	false	true	true	true	true	true	false	false	false
Winsheim	winbiap	true	true	true	false	false	true	true	true	true	false	true	true	true	true	true	false	false	false
BadBevensen	bibliotheca	false	true	true	false	false	true	false	true	true	false	true	false	true	true	true	false	true	false
Raubling	winbiap	true	true	true	false	false	true	true	true	true	false	true	true	true	true	true	false	false	false
Rosenheim_FH	sisis	true	true	true	false	false	true	false	true	false	false	false	true	true	true	false	false	false	false
Wertheim	winbiap	true	true	true	false	false	true	true	true	true	false	true	true	true	true	true	false	false	false
Osnabrueck	biber1992	true	false	true	false	false	true	false	true	false	false	true	true	true	true	false	true	true	false
Schoeneck	winbiap	true	true	true	false	false	true	true	true	true	false	true	true	true	true	true	false	false	false
Lindau	winbiap	true	true	true	false	false	true	true	true	true	false	true	true	true	true	true	false	false	false
Zwingenberg	winbiap	true	true	true	false	false	true	true	true	true	false	true	true	true	true	true	false	false	false
Stadtbergen	winbiap	true	true	true	false	false	true	true	true	true	false	true	true	true	true	true	false	false	false
Meitingen	winbiap	true	true	true	false	false	true	true	true	true	false	true	true	true	true	true	false	false	false
Oberding	winbiap	true	true	true	false	false	true	true	true	true	false	true	true	true	true	true	false	false	false
Kaufering	winbiap	true	true	true	false	false	true	true	true	true	false	true	true	true	true	true	false	false	false
Wenzenbach	winbiap	true	true	true	false	false	true	true	true	true	false	true	true	true	true	true	false	false	false
BadBirnbach	winbiap	true	true	true	false	false	true	true	true	true	false	true	true	true	true	true	false	false	false
Hof	bibliotheca	true	true	true	false	false	false	false	false	false	false	true	false	true	true	false	false	true	false
Niedernhausen	winbiap	true	true	true	false	false	true	true	true	true	false	true	true	true	true	true	false	false	false
Woerth	winbiap	true	true	true	false	false	true	true	true	true	false	true	true	true	true	true	false	false	false
Borsdorf	winbiap	true	true	true	false	false	true	true	true	true	false	true	true	true	true	true	false	false	false
Friedberg_Bayern	winbiap	true	true	true	false	false	true	true	true	true	false	true	true	true	true	true	false	false	false
SendenBayern	winbiap	true	true	true	false	false	true	true	true	true	false	true	true	true	true	true	false	false	false
Espenau	winbiap	true	true	true	false	false	true	true	true	true	false	true	true	true	true	true	false	false	false
RheurdtSchaephuysen	bibliotheca	true	false	false	false	false	false	false	false	false	false	false	false	false	false	false	false	true	false
Gladbeck	bibliotheca	false	false	false	false	false	false	false	false	false	false	false	false	false	false	false	false	false	false
Quedlinburg_Kreisbib	bibliotheca	true	true	true	false	false	true	false	true	false	false	true	false	true	true	true	false	true	false
Gilching	winbiap	true	true	true	false	false	true	true	true	true	false	true	true	true	true	true	false	false	false
Gaimersheim	winbiap	true	true	true	false	false	true	true	true	true	false	true	true	true	true	true	false	false	false
FreibergNeckar	winbiap	true	true	true	false	false	true	true	true	true	false	true	true	true	true	true	false	false	false
NeustadtDonau	winbiap	true	true	true	false	false	true	true	true	true	false	true	true	true	true	true	false	false	false
MuensterUeberwasser	bibliotheca	true	false	false	false	false	false	false	false	false	false	false	false	false	false	false	false	true	false
Asbach_Baeumenheim	winbiap	true	true	true	false	false	true	true	true	true	false	true	true	true	true	true	false	false	false
MuehlheimMain	winbiap	true	true	true	false	false	true	true	true	true	false	true	true	true	true	true	false	false	false
Dietmannsried	winbiap	true	true	true	false	false	true	true	true	true	false	true	true	true	true	true	false	false	false
Unterhaching	winbiap	true	true	true	false	false	true	true	true	true	false	true	true	true	true	true	false	false	false
GBV	sru	true	true	true	false	false	true	false	true	false	false	false	true	false	false	false	false	false	false
Kitzingen	winbiap	true	true	true	false	false	true	true	true	true	false	true	true	true	true	true	false	false	false
Graefelfing	winbiap	true	true	true	false	false	true	true	true	true	false	true	true	true	true	true	false	false	false
Metzingen	bibliotheca	true	false	true	false	false	true	false	true	true	false	true	false	true	true	true	false	true	false
Allershausen	winbiap	true	true	true	false	false	true	true	true	true	false	true	true	true	true	true	false	false	false
Konstanz	biber1992	false	true	true	false	false	true	false	true	true	false	true	true	true	false	true	false	true	false
Weissenburg	winbiap	true	true	true	false	false	true	true	true	true	false	true	true	true	true	true	false	false	false
Gutersloh	winbiap	true	true	true	false	false	true	true	true	true	false	true	true	true	true	true	false	false	false
Everswinkel_StMagnus	bibliotheca	true	false	false	false	false	false	false	false	false	false	false	false	false	false	false	false	true	false
Poettmes	winbiap	true	true	true	false	false	true	true	true	true	false	true	true	true	true	true	false	false	false
DettingenTeck	winbiap	true	true	true	false	false	true	true	true	true	false	true	true	true	true	true	false	false	false
Grosskrotzenburg	winbiap	true	true	true	false	false	true	true	true	true	false	true	true	true	true	true	false	false	false
Dinkelsbuehl	winbiap	true	true	true	false	false	true	true	true	true	false	true	true	true	true	true	false	false	false
CastropRauxel	bibliotheca	false	false	false	false	false	false	false	false	false	false	false	false	false	false	false	false	false	false
NeuWulmstorf	winbiap	true	true	true	false	false	true	true	true	true	false	true	true	true	true	true	false	false	false
Oberammergau	winbiap	true	true	true	false	false	true	true	true	true	false	true	true	true	true	true	false	false	false
Wermelskirchen	bibliotheca	false	true	true	false	false	true	false	true	false	false	true	false	true	true	true	false	true	false
Rietberg	winbiap	true	true	true	false	false	true	true	true	true	false	true	true	true	true	true	false	false	false
Gerlingen	bibliotheca	true	true	true	false	false	true	false	true	false	false	true	false	true	true	true	false	true	false
Rheinau	winbiap	true	true	true	false	false	true	true	true	true	false	true	true	true	true	true	false	false	false
Vellmar	winbiap	true	true	true	false	false	true	true	true	true	false	true	true	true	true	true	false	false	false
Vreden	bibliotheca	true	false	false	false	false	false	false	false	false	false	false	false	false	false	false	false	true	false
NiefernOeschelbronn	bibliotheca	true	true	true	false	false	true	false	true	false	false	true	false	true	false	true	false	true	false
Reken	bibliotheca	true	false	false	false	false	false	false	false	false	false	false	false	false	false	false	false	true	false
Karlstadt	winbiap	true	true	true	false	false	true	true	true	true	false	true	true	true	true	true	false	false	false
Hungen	winbiap	true	true	true	false	false	true	true	true	true	false	true	true	true	true	true	false	false	false
Memmingen	winbiap	true	true	true	false	false	true	true	true	true	false	true	true	true	true	true	false	false	false
Guetersloh	winbiap	true	true	true	false	false	true	true	true	true	false	true	true	true	true	true	false	false	false
Feldkirchen_Westerham	winbiap	true	true	true	false	false	true	true	true	true	false	true	true	true	true	true	false	false	false
Wehringen	winbiap	true	true	true	false	false	true	true	true	true	false	true	true	true	true	true	false	false	false
Pfalzgrafenweiler	winbiap	true	true	true	false	false	true	true	true	true	false	true	true	true	true	true	false	false	false
KirchheimMuenchen	winbiap	true	true	true	false	false	true	true	true	true	false	true	true	true	true	true	false	false	false
RothenburgFulda	winbiap	true	true	true	false	false	true	true	true	true	false	true	true	true	true	true	false	false	false
Geislingen	winbiap	true	true	true	false	false	true	true	true	true	false	true	true	true	true	true	false	false	false
Helmbrechts	winbiap	true	true	true	false	false	true	true	true	true	false	true	true	true	true	true	false	false	false
Weilburg	winbiap	true	true	true	false	false	true	true	true	true	false	true	true	true	true	true	false	false	false
Frankenberg_Eder	winbiap	true	true	true	false	false	true	true	true	true	false	true	true	true	true	true	false	false	false
Eppingen	bibliotheca	true	true	true	false	false	true	false	true	false	false	true	false	true	true	true	false	true	false
Augsburg_A._B._v._Stettensches_Institut	winbiap	true	true	true	false	false	true	true	true	true	false	true	true	true	true	true	false	false	false
Schwerte	winbiap	true	true	true	false	false	true	true	true	true	false	true	true	true	true	true	false	false	false
Immenstadt	winbiap	true	true	true	false	false	true	true	true	true	false	true	true	true	true	true	false	false	false
Raunheim	winbiap	true	true	true	false	false	true	true	true	true	false	true	true	true	true	true	false	false	false
Eschwege	winbiap	true	true	true	false	false	true	true	true	true	false	true	true	true	true	true	false	false	false
Neuried	winbiap	true	true	true	false	false	true	true	true	true	false	true	true	true	true	true	false	false	false
Bad_Mergentheim	winbiap	true	true	true	false	false	true	true	true	true	false	true	true	true	true	true	false	false	false
WasserburgInn	winbiap	true	true	true	false	false	true	true	true	true	false	true	true	true	true	true	false	false	false
WeilAmRhein	bibliotheca	true	true	true	false	false	true	false	true	false	false	true	false	true	true	true	false	true	false
Dorsten	bibliotheca	false	false	false	false	false	false	false	false	false	false	false	false	false	false	false	false	false	false
Baldham_Vaterstetten	winbiap	true	true	true	false	false	true	true	true	true	false	true	true	true	true	true	false	false	false
Tubingen_Bengelhaus	bibliotheca	false	true	true	false	false	true	false	true	false	false	true	false	true	false	false	false	true	false
Unterschleissheim	winbiap	true	true	true	false	false	true	true	true	true	false	true	true	true	true	true	false	false	false
Hilden	bibliotheca	true	true	true	false	false	true	false	true	true	false	true	false	true	true	true	false	true	false
Muenchen_Vaterunserkirche	winbiap	true	true	true	false	false	true	true	true	true	false	true	true	true	true	true	false	false	false
Roding	winbiap	true	true	true	false	false	true	true	true	true	false	true	true	true	true	true	false	false	false
Poecking	winbiap	true	true	true	false	false	true	true	true	true	false	true	true	true	true	true	false	false	false
Feuchtwangen	winbiap	true	true	true	false	false	true	true	true	true	false	true	true	true	true	true	false	false	false
Reinheim	winbiap	true	true	true	false	false	true	true	true	true	false	true	true	true	true	true	false	false	false
Gersthofen	winbiap	true	true	true	false	false	true	true	true	true	false	true	true	true	true	true	false	false	false
Marl_Polsum	bibliotheca	true	false	false	false	false	false	false	false	false	false	false	false	false	false	false	false	true	false
Forstinning	winbiap	true	true	true	false	false	true	true	true	true	false	true	true	true	true	true	false	false	false
Soest	winbiap	true	true	true	false	false	true	true	true	true	false	true	true	true	true	true	false	false	false
Weikersheim	bibliotheca	true	true	true	false	false	true	false	true	false	false	true	false	true	true	true	false	true	false
Moenchengladbach	biber1992	false	false	false	false	false	false	false	false	false	false	false	false	false	false	false	false	false	false
Mauer	bibliotheca	true	false	true	false	false	true	false	true	false	false	true	false	false	false	false	false	true	false
Starnberg	winbiap	true	true	true	false	false	true	true	true	true	false	true	true	true	true	true	false	false	false
Happurg	winbiap	true	true	true	false	false	true	true	true	true	false	true	true	true	true	true	false	false	false
Rodenbach	winbiap	true	true	true	false	false	true	true	true	true	false	true	true	true	true	true	false	false	false
Sonthofen	winbiap	true	true	true	false	false	true	true	true	true	false	true	true	true	true	true	false	false	false
BadAbbach	winbiap	true	true	true	false	false	true	true	true	true	false	true	true	true	true	true	false	false	false
Manching	winbiap	true	true	true	false	false	true	true	true	true	false	true	true	true	true	true	false	false	false
Porta_Westfalica	winbiap	true	true	true	false	false	true	true	true	true	false	true	true	true	true	true	false	false	false
Geltendorf	winbiap	true	true	true	false	false	true	true	true	true	false	true	true	true	true	true	false	false	false
Stadtlohn	bibliotheca	true	false	false	false	false	false	false	false	false	false	false	false	false	false	false	false	true	false
Elsenfeld	winbiap	true	true	true	false	false	true	true	true	true	false	true	true	true	true	true	false	false	false
MunsterLudgerus	bibliotheca	true	false	false	false	false	false	false	false	false	false	false	false	false	false	false	false	true	false
Steinfurt	bibliotheca	true	true	true	false	false	true	false	true	false	false	true	false	true	true	true	false	true	false
Untermerzbach	winbiap	true	true	true	false	false	true	true	true	true	false	true	true	true	true	true	false	false	false
Bad_Vilbel	winbiap	true	true	true	false	false	true	true	true	true	false	true	true	true	true	true	false	false	false
Breisach	bibliotheca	true	true	true	false	false	false	false	true	false	false	true	false	true	false	false	false	true	false
Werdohl	winbiap	true	true	true	false	false	true	true	true	true	false	true	true	true	true	true	false	false	false
MuensterMecklenbeck	bibliotheca	true	false	false	false	false	false	false	false	false	false	false	false	false	false	false	false	true	false
Usingen	winbiap	true	true	true	false	false	true	true	true	true	false	true	true	true	true	true	false	false	false
Detmold	winbiap	true	true	true	false	false	true	true	true	true	false	true	true	true	true	true	false	false	false
Salzkotten	winbiap	true	true	true	false	false	true	true	true	true	false	true	true	true	true	true	false	false	false
Luedinghausen	bibliotheca	true	false	false	false	false	false	false	false	false	false	false	false	false	false	false	false	true	false
Meschede	winbiap	true	true	true	false	false	true	true	true	true	false	true	true	true	true	true	false	false	false
Wuelfrath	bibliotheca	true	true	true	false	false	true	false	true	true	false	true	false	true	true	true	false	true	false
WeilImSchoenbuch	bibliotheca	false	true	true	false	false	true	false	true	false	false	true	false	true	true	true	false	true	false
Unterfoehring	winbiap	true	true	true	false	false	true	true	true	true	false	true	true	true	true	true	false	false	false
Boetzingen	winbiap	true	true	true	false	false	true	true	true	true	false	true	true	true	true	true	false	false	false
Grasbrunn	winbiap	true	true	true	false	false	true	true	true	true	false	true	true	true	true	true	false	false	false
Walldorf	winbiap	true	true	true	false	false	true	true	true	true	false	true	true	true	true	true	false	false	false
Gummersbach	winbiap	true	true	true	false	false	true	true	true	true	false	true	true	true	true	true	false	false	false
ZellaMehlis	winbiap	true	true	true	false	false	true	true	true	true	false	true	true	true	true	true	false	false	false
Haslach	bibliotheca	true	true	true	false	false	true	false	true	true	false	true	false	false	true	true	false	true	false
Roettenbach	winbiap	true	true	true	false	false	true	true	true	true	false	true	true	true	true	true	false	false	false
Fuldatal	winbiap	true	true	true	false	false	true	true	true	true	false	true	true	true	true	true	false	false	false
Planegg	winbiap	true	true	true	false	false	true	true	true	true	false	true	true	true	true	true	false	false	false
Frammersbach	winbiap	true	true	true	false	false	true	true	true	true	false	true	true	true	true	true	false	false	false
Mantel	winbiap	true	true	true	false	false	true	true	true	true	false	true	true	true	true	true	false	false	false
Ottobrunn	winbiap	true	true	true	false	false	true	true	true	true	false	true	true	true	true	true	false	false	false
Kierspe	winbiap	true	true	true	false	false	true	true	true	true	false	true	true	true	true	true	false	false	false
Goeppingen	winbiap	true	true	true	false	false	true	true	true	true	false	true	true	true	true	true	false	false	false
Kolbermoor	winbiap	true	true	true	false	false	true	true	true	true	false	true	true	true	true	true	false	false	false
Bubenreuth	winbiap	true	true	true	false	false	true	true	true	true	false	true	true	true	true	true	false	false	false
Scheidegg	winbiap	true	true	true	false	false	true	true	true	true	false	true	true	true	true	true	false	false	false
Lippstadt	winbiap	true	true	true	false	false	true	true	true	true	false	true	true	true	true	true	false	false	false
Berching	winbiap	true	true	true	false	false	true	true	true	true	false	true	true	true	true	true	false	false	false
Stuttgart_Religionspaedagogische_Arbeitsstelle	winbiap	true	true	true	false	false	true	true	true	true	false	true	true	true	true	true	false	false	false
Peitz	winbiap	true	true	true	false	false	true	true	true	true	false	true	true	true	true	true	false	false	false
KevelaerTwisteden	bibliotheca	true	false	false	false	false	false	false	false	false	false	false	false	false	false	false	false	true	false
Lauingen	winbiap	true	true	true	false	false	true	true	true	true	false	true	true	true	true	true	false	false	false
Hoyerswerda	bibliotheca	true	true	true	false	false	true	false	true	false	false	true	false	true	true	true	false	true	false
Winnenden	bibliotheca	true	true	true	false	false	true	false	true	false	false	true	false	true	true	true	false	true	false
Bruck_idOpf	winbiap	true	true	true	false	false	true	true	true	true	false	true	true	true	true	true	false	false	false
Wilhermsdorf	winbiap	true	true	true	false	false	true	true	true	true	false	true	true	true	true	true	false	false	false
BobenheimRoxheim	winbiap	true	true	true	false	false	true	true	true	true	false	true	true	true	true	true	false	false	false
Bocholt	bibliotheca	true	true	true	false	false	true	false	true	false	false	true	false	true	true	true	false	true	false
Baunatal	winbiap	true	true	true	false	false	true	true	true	true	false	true	true	true	true	true	false	false	false
Bobingen	winbiap	true	true	true	false	false	true	true	true	true	false	true	true	true	true	true	false	false	false
Lohfelden	winbiap	true	true	true	false	false	true	true	true	true	false	true	true	true	true	true	false	false	false
Monheim	bibliotheca	true	true	true	false	false	true	false	true	true	false	true	false	true	true	true	false	true	false
Bad_Toelz	winbiap	true	true	true	false	false	true	true	true	true	false	true	true	true	true	true	false	false	false
Vohburg	winbiap	true	true	true	false	false	true	true	true	true	false	true	true	true	true	true	false	false	false
Randersacker	winbiap	true	true	true	false	false	true	true	true	true	false	true	true	true	true	true	false	false	false
Volkach	winbiap	true	true	true	false	false	true	true	true	true	false	true	true	true	true	true	false	false	false
Altena	winbiap	true	true	true	false	false	true	true	true	true	false	true	true	true	true	true	false	false	false
Eichenau	winbiap	true	true	true	false	false	true	true	true	true	false	true	true	true	true	true	false	false	false
Kulmbach	winbiap	true	true	true	false	false	true	true	true	true	false	true	true	true	true	true	false	false	false
MuehldorfInn	winbiap	true	true	true	false	false	true	true	true	true	false	true	true	true	true	true	false	false	false
Gerolzhofen	winbiap	true	true	true	false	false	true	true	true	true	false	true	true	true	true	true	false	false	false
KaufungenNiederkaufungen	winbiap	true	true	true	false	false	true	true	true	true	false	true	true	true	true	true	false	false	false
Roedermark	winbiap	true	true	true	false	false	true	true	true	true	false	true	true	true	true	true	false	false	false
Eislingen	winbiap	true	true	true	false	false	true	true	true	true	false	true	true	true	true	true	false	false	false
Espelkamp	winbiap	true	true	true	false	false	true	true	true	true	false	true	true	true	true	true	false	false	false
Schillingsfuerst	winbiap	true	true	true	false	false	true	true	true	true	false	true	true	true	true	true	false	false	false
Hattersheim	winbiap	true	true	true	false	false	true	true	true	true	false	true	true	true	true	true	false	false	false
BietigheimBissingen	bibliotheca	true	true	true	false	false	true	false	true	true	false	true	false	true	true	true	false	true	false
Fuessen	winbiap	true	true	true	false	false	true	true	true	true	false	true	true	true	true	true	false	false	false
Pfaffenhofen_Ilm	winbiap	true	true	true	false	false	true	true	true	true	false	true	true	true	true	true	false	false	false
Cuxhaven	winbiap	true	true	true	false	false	true	true	true	true	false	true	true	true	true	true	false	false	false
Suessen	winbiap	true	true	true	false	false	true	true	true	true	false	true	true	true	true	true	false	false	false
Burglengenfeld	winbiap	true	true	true	false	false	true	true	true	true	false	true	true	true	true	true	false	false	false
KgswOberpleis	bibliotheca	true	true	true	false	false	true	false	true	false	false	true	false	true	true	true	false	true	false
OstheimRhoen	winbiap	true	true	true	false	false	true	true	true	true	false	true	true	true	true	true	false	false	false
Mettmann	bibliotheca	true	true	true	false	false	true	false	true	true	false	true	false	true	true	true	false	true	false
Hoesbach	winbiap	true	true	true	false	false	true	true	true	true	false	true	true	true	true	true	false	false	false
Neubiberg	winbiap	true	true	true	false	false	true	true	true	true	false	true	true	true	true	true	false	false	false
Bad_Salzuflen	winbiap	true	true	true	false	false	true	true	true	true	false	true	true	true	true	true	false	false	false
Kriftel	winbiap	true	true	true	false	false	true	true	true	true	false	true	true	true	true	true	false	false	false
Denklingen	winbiap	true	true	true	false	false	true	true	true	true	false	true	true	true	true	true	false	false	false
Roethenbach_Pegnitz	winbiap	true	true	true	false	false	true	true	true	true	false	true	true	true	true	true	false	false	false
Muenster_Hiltrup	bibliotheca	true	false	false	false	false	false	false	false	false	false	false	false	false	false	false	false	true	false
Geldern	bibliotheca	true	false	false	false	false	false	false	false	false	false	false	false	false	false	false	false	true	false
Westerstede	winbiap	true	true	true	false	false	true	true	true	true	false	true	true	true	true	true	false	false	false
Nettersheim	winbiap	true	true	true	false	false	true	true	true	true	false	true	true	true	true	true	false	false	false
Berchtesgaden	winbiap	true	true	true	false	false	true	true	true	true	false	true	true	true	true	true	false	false	false
Oberstaufen	winbiap	true	true	true	false	false	true	true	true	true	false	true	true	true	true	true	false	false	false
Hattingen	bibliotheca	true	true	true	false	false	true	false	true	false	false	true	false	true	true	true	false	true	false
Wickede	winbiap	true	true	true	false	false	true	true	true	true	false	true	true	true	true	true	false	false	false
Karlsfeld	winbiap	true	true	true	false	false	true	true	true	true	false	true	true	true	true	true	false	false	false
Wehr	bibliotheca	true	true	true	false	false	true	false	true	false	false	true	false	true	true	true	false	true	false
Niestetal	winbiap	true	true	true	false	false	true	true	true	true	false	true	true	true	true	true	false	false	false
Stadtallendorf	winbiap	true	true	true	false	false	true	true	true	true	false	true	true	true	true	true	false	false	false
MarktSchwaben	winbiap	true	true	true	false	false	true	true	true	true	false	true	true	true	true	true	false	false	false
BadWildungen	winbiap	true	true	true	false	false	true	true	true	true	false	true	true	true	true	true	false	false	false
Marienfeld_Koeb	bibliotheca	true	false	false	false	false	false	false	false	false	false	false	false	false	false	false	false	true	false
Naila	winbiap	true	true	true	false	false	true	true	true	true	false	true	true	true	true	true	false	false	false
Pluederhausen	winbiap	true	true	true	false	false	true	true	true	true	false	true	true	true	true	true	false	false	false
Koenigsbrunn	winbiap	true	true	true	false	false	true	true	true	true	false	true	true	true	true	true	false	false	false
Heidelberg	bibliotheca	true	true	true	false	false	true	false	true	true	false	true	false	true	true	true	false	true	false
Niebuell	iopac	true	true	true	false	false	false	false	true	false	false	true	true	false	true	false	false	false	false
Harsewinkel	bibliotheca	true	false	false	false	false	false	false	false	false	false	false	false	false	false	false	false	true	false
Mering	winbiap	true	true	true	false	false	true	true	true	true	false	true	true	true	true	true	false	false	false
Grossburgwedel	winbiap	true	true	true	false	false	true	true	true	true	false	true	true	true	true	true	false	false	false
Tapfheim	winbiap	true	true	true	false	false	true	true	true	true	false	true	true	true	true	true	false	false	false
Offenbach	winbiap	true	true	true	false	false	true	true	true	true	false	true	true	true	true	true	false	false	false
Recklinghausen	bibliotheca	false	false	false	false	false	false	false	false	false	false	false	false	false	false	false	false	false	false
Thannhausen	winbiap	true	true	true	false	false	true	true	true	true	false	true	true	true	true	true	false	false	false
Miesbach	winbiap	true	true	true	false	false	true	true	true	true	false	true	true	true	true	true	false	false	false
Gescher	bibliotheca	true	false	false	false	false	false	false	false	false	false	false	false	false	false	false	false	true	false
Belin_BSH	winbiap	true	true	true	false	false	true	true	true	true	false	true	true	true	true	true	false	false	false
BadVilbel	winbiap	true	true	true	false	false	true	true	true	true	false	true	true	true	true	true	false	false	false
Marl	bibliotheca	false	false	false	false	false	false	false	false	false	false	false	false	false	false	false	false	false	false
Schondorf	winbiap	true	true	true	false	false	true	true	true	true	false	true	true	true	true	true	false	false	false
Erftstadt	sisis	true	true	true	false	false	false	false	true	true	true	true	false	true	true	false	false	false	false
Teublitz	winbiap	true	true	true	false	false	true	true	true	true	false	true	true	true	true	true	false	false	false
Landsberg	winbiap	true	true	true	false	false	true	true	true	true	false	true	true	true	true	true	false	false	false
Maisach	winbiap	true	true	true	false	false	true	true	true	true	false	true	true	true	true	true	false	false	false
Herborn	winbiap	true	true	true	false	false	true	true	true	true	false	true	true	true	true	true	false	false	false
Bechhofen	winbiap	true	true	true	false	false	true	true	true	true	false	true	true	true	true	true	false	false	false
Wendelstein	winbiap	true	true	true	false	false	true	true	true	true	false	true	true	true	true	true	false	false	false
Schwaig	winbiap	true	true	true	false	false	true	true	true	true	false	true	true	true	true	true	false	false	false
Olsberg	winbiap	true	true	true	false	false	true	true	true	true	false	true	true	true	true	true	false	false	false
